{"v":"4.8.0","meta":{"g":"LottieFiles AE 1.0.0","a":"","k":"","d":"","tc":"none"},"fr":60,"ip":0,"op":90,"w":500,"h":500,"nm":"drop_high","ddd":0,"assets":[],"layers":[{"ddd":0,"ind":1,"ty":4,"nm":"puddle","sr":1,"ks":{"o":{"a":0,"k":100,"ix":11},"r":{"a":0,"k":0,"ix":10},"p":{"a":0,"k":[250.706,412.439,0],"ix":2},"a":{"a":0,"k":[-17.798,193.577,0],"ix":1},"s":{"a":0,"k":[100,101.378,100],"ix":6}},"ao":0,"shapes":[{"ty":"gr","it":[{"d":1,"ty":"el","s":{"a":0,"k":[135.672,18.395],"ix":2},"p":{"a":0,"k":[0,0],"ix":3},"nm":"Ellipse Path 1","mn":"ADBE Vector Shape - Ellipse","hd":false},{"ty":"st","c":{"a":0,"k":[0.074509803922,0.658823529412,0.960784313725,1],"ix":3},"o":{"a":0,"k":100,"ix":4},"w":{"a":0,"k":20,"ix":5},"lc":1,"lj":1,"ml":4,"bm":0,"nm":"Stroke 1","mn":"ADBE Vector Graphic - Stroke","hd":false},{"ty":"tr","p":{"a":0,"k":[-18.504,186.313],"ix":2},"a":{"a":0,"k":[0,0],"ix":1},"s":{"a":1,"k":[{"i":{"x":[0.833,0.833],"y":[0.833,0.833]},"o":{"x":[0.167,0.167],"y":[0.167,0.167]},"t":53,"s":[85,29.038]},{"i":{"x":[0.833,0.833],"y":[0.833,0.833]},"o":{"x":[0.167,0.167],"y":[0.167,0.167]},"t":58,"s":[85,68.038]},{"i":{"x":[0.833,0.833],"y":[0.833,0.833]},"o":{"x":[0.167,0.167],"y":[0.167,0.167]},"t":60,"s":[100.5,101.038]},{"t":62,"s":[116,100.038]}],"ix":3},"r":{"a":0,"k":0,"ix":6},"o":{"a":1,"k":[{"i":{"x":[0.833],"y":[0.833]},"o":{"x":[0.167],"y":[0.167]},"t":58,"s":[0]},{"i":{"x":[0.833],"y":[0.833]},"o":{"x":[0.167],"y":[0.167]},"t":60,"s":[100]},{"t":65,"s":[0]}],"ix":7},"sk":{"a":0,"k":0,"ix":4},"sa":{"a":0,"k":0,"ix":5},"nm":"Transform"}],"nm":"Ellipse 1","np":3,"cix":2,"bm":0,"ix":1,"mn":"ADBE Vector Group","hd":false}],"ip":0,"op":240,"st":0,"bm":0},{"ddd":0,"ind":2,"ty":4,"nm":"Shape Layer 3","sr":1,"ks":{"o":{"a":0,"k":100,"ix":11},"r":{"a":0,"k":124,"ix":10},"p":{"a":0,"k":[365.343,376.955,0],"ix":2},"a":{"a":0,"k":[-123,127,0],"ix":1},"s":{"a":0,"k":[85,85,100],"ix":6}},"ao":0,"shapes":[{"ty":"gr","it":[{"ind":0,"ty":"sh","ix":1,"ks":{"a":0,"k":{"i":[[0,0],[0,0]],"o":[[0,0],[0,0]],"v":[[-123,127],[-180,98]],"c":false},"ix":2},"nm":"Path 1","mn":"ADBE Vector Shape - Group","hd":false},{"ty":"st","c":{"a":0,"k":[0.074509803922,0.658823529412,0.960784313725,1],"ix":3},"o":{"a":0,"k":100,"ix":4},"w":{"a":0,"k":4,"ix":5},"lc":2,"lj":2,"bm":0,"nm":"Stroke 1","mn":"ADBE Vector Graphic - Stroke","hd":false},{"ty":"tr","p":{"a":0,"k":[0,0],"ix":2},"a":{"a":0,"k":[0,0],"ix":1},"s":{"a":0,"k":[100,100],"ix":3},"r":{"a":0,"k":0,"ix":6},"o":{"a":0,"k":100,"ix":7},"sk":{"a":0,"k":0,"ix":4},"sa":{"a":0,"k":0,"ix":5},"nm":"Transform"}],"nm":"Shape 1","np":3,"cix":2,"bm":0,"ix":1,"mn":"ADBE Vector Group","hd":false},{"ty":"tm","s":{"a":1,"k":[{"i":{"x":[0.833],"y":[0.833]},"o":{"x":[0.167],"y":[0.167]},"t":61,"s":[0]},{"t":67,"s":[100]}],"ix":1},"e":{"a":1,"k":[{"i":{"x":[0.833],"y":[0.833]},"o":{"x":[0.167],"y":[0.167]},"t":61,"s":[0]},{"i":{"x":[0.833],"y":[0.833]},"o":{"x":[0.167],"y":[0.167]},"t":64,"s":[100]},{"t":67,"s":[100]}],"ix":2},"o":{"a":0,"k":0,"ix":3},"m":1,"ix":2,"nm":"Trim Paths 1","mn":"ADBE Vector Filter - Trim","hd":false}],"ip":0,"op":240,"st":0,"bm":0},{"ddd":0,"ind":3,"ty":4,"nm":"Shape Layer 2","sr":1,"ks":{"o":{"a":0,"k":100,"ix":11},"r":{"a":0,"k":88,"ix":10},"p":{"a":0,"k":[320.567,300.836,0],"ix":2},"a":{"a":0,"k":[-123,127,0],"ix":1},"s":{"a":0,"k":[116,116,100],"ix":6}},"ao":0,"shapes":[{"ty":"gr","it":[{"ind":0,"ty":"sh","ix":1,"ks":{"a":0,"k":{"i":[[0,0],[0,0]],"o":[[0,0],[0,0]],"v":[[-123,127],[-180,98]],"c":false},"ix":2},"nm":"Path 1","mn":"ADBE Vector Shape - Group","hd":false},{"ty":"st","c":{"a":0,"k":[0.074509803922,0.658823529412,0.960784313725,1],"ix":3},"o":{"a":0,"k":100,"ix":4},"w":{"a":0,"k":4,"ix":5},"lc":2,"lj":2,"bm":0,"nm":"Stroke 1","mn":"ADBE Vector Graphic - Stroke","hd":false},{"ty":"tr","p":{"a":0,"k":[0,0],"ix":2},"a":{"a":0,"k":[0,0],"ix":1},"s":{"a":0,"k":[100,100],"ix":3},"r":{"a":0,"k":0,"ix":6},"o":{"a":0,"k":100,"ix":7},"sk":{"a":0,"k":0,"ix":4},"sa":{"a":0,"k":0,"ix":5},"nm":"Transform"}],"nm":"Shape 1","np":3,"cix":2,"bm":0,"ix":1,"mn":"ADBE Vector Group","hd":false},{"ty":"tm","s":{"a":1,"k":[{"i":{"x":[0.833],"y":[0.833]},"o":{"x":[0.167],"y":[0.167]},"t":61,"s":[0]},{"t":67,"s":[100]}],"ix":1},"e":{"a":1,"k":[{"i":{"x":[0.833],"y":[0.833]},"o":{"x":[0.167],"y":[0.167]},"t":61,"s":[0]},{"i":{"x":[0.833],"y":[0.833]},"o":{"x":[0.167],"y":[0.167]},"t":64,"s":[100]},{"t":67,"s":[100]}],"ix":2},"o":{"a":0,"k":0,"ix":3},"m":1,"ix":2,"nm":"Trim Paths 1","mn":"ADBE Vector Filter - Trim","hd":false}],"ip":0,"op":240,"st":0,"bm":0},{"ddd":0,"ind":4,"ty":4,"nm":"Shape Layer 4","sr":1,"ks":{"o":{"a":0,"k":100,"ix":11},"r":{"a":0,"k":33,"ix":10},"p":{"a":0,"k":[198.179,300.836,0],"ix":2},"a":{"a":0,"k":[-123,127,0],"ix":1},"s":{"a":0,"k":[100,100,100],"ix":6}},"ao":0,"shapes":[{"ty":"gr","it":[{"ind":0,"ty":"sh","ix":1,"ks":{"a":0,"k":{"i":[[0,0],[0,0]],"o":[[0,0],[0,0]],"v":[[-123,127],[-180,98]],"c":false},"ix":2},"nm":"Path 1","mn":"ADBE Vector Shape - Group","hd":false},{"ty":"st","c":{"a":0,"k":[0.074509803922,0.658823529412,0.960784313725,1],"ix":3},"o":{"a":0,"k":100,"ix":4},"w":{"a":0,"k":4,"ix":5},"lc":2,"lj":2,"bm":0,"nm":"Stroke 1","mn":"ADBE Vector Graphic - Stroke","hd":false},{"ty":"tr","p":{"a":0,"k":[0,0],"ix":2},"a":{"a":0,"k":[0,0],"ix":1},"s":{"a":0,"k":[100,100],"ix":3},"r":{"a":0,"k":0,"ix":6},"o":{"a":0,"k":100,"ix":7},"sk":{"a":0,"k":0,"ix":4},"sa":{"a":0,"k":0,"ix":5},"nm":"Transform"}],"nm":"Shape 1","np":3,"cix":2,"bm":0,"ix":1,"mn":"ADBE Vector Group","hd":false},{"ty":"tm","s":{"a":1,"k":[{"i":{"x":[0.833],"y":[0.833]},"o":{"x":[0.167],"y":[0.167]},"t":58,"s":[0]},{"t":64,"s":[100]}],"ix":1},"e":{"a":1,"k":[{"i":{"x":[0.833],"y":[0.833]},"o":{"x":[0.167],"y":[0.167]},"t":58,"s":[0]},{"i":{"x":[0.833],"y":[0.833]},"o":{"x":[0.167],"y":[0.167]},"t":61,"s":[100]},{"t":64,"s":[100]}],"ix":2},"o":{"a":0,"k":0,"ix":3},"m":1,"ix":2,"nm":"Trim Paths 1","mn":"ADBE Vector Filter - Trim","hd":false}],"ip":0,"op":240,"st":0,"bm":0},{"ddd":0,"ind":5,"ty":4,"nm":"Shape Layer 1","sr":1,"ks":{"o":{"a":0,"k":100,"ix":11},"r":{"a":0,"k":0,"ix":10},"p":{"a":0,"k":[148.925,360.537,0],"ix":2},"a":{"a":0,"k":[-123,127,0],"ix":1},"s":{"a":0,"k":[100,100,100],"ix":6}},"ao":0,"shapes":[{"ty":"gr","it":[{"ind":0,"ty":"sh","ix":1,"ks":{"a":0,"k":{"i":[[0,0],[0,0]],"o":[[0,0],[0,0]],"v":[[-123,127],[-180,98]],"c":false},"ix":2},"nm":"Path 1","mn":"ADBE Vector Shape - Group","hd":false},{"ty":"st","c":{"a":0,"k":[0.074509803922,0.658823529412,0.960784313725,1],"ix":3},"o":{"a":0,"k":100,"ix":4},"w":{"a":0,"k":4,"ix":5},"lc":2,"lj":2,"bm":0,"nm":"Stroke 1","mn":"ADBE Vector Graphic - Stroke","hd":false},{"ty":"tr","p":{"a":0,"k":[0,0],"ix":2},"a":{"a":0,"k":[0,0],"ix":1},"s":{"a":0,"k":[100,100],"ix":3},"r":{"a":0,"k":0,"ix":6},"o":{"a":0,"k":100,"ix":7},"sk":{"a":0,"k":0,"ix":4},"sa":{"a":0,"k":0,"ix":5},"nm":"Transform"}],"nm":"Shape 1","np":3,"cix":2,"bm":0,"ix":1,"mn":"ADBE Vector Group","hd":false},{"ty":"tm","s":{"a":1,"k":[{"i":{"x":[0.833],"y":[0.833]},"o":{"x":[0.167],"y":[0.167]},"t":58,"s":[0]},{"t":64,"s":[100]}],"ix":1},"e":{"a":1,"k":[{"i":{"x":[0.833],"y":[0.833]},"o":{"x":[0.167],"y":[0.167]},"t":58,"s":[0]},{"i":{"x":[0.833],"y":[0.833]},"o":{"x":[0.167],"y":[0.167]},"t":61,"s":[100]},{"t":64,"s":[100]}],"ix":2},"o":{"a":0,"k":0,"ix":3},"m":1,"ix":2,"nm":"Trim Paths 1","mn":"ADBE Vector Filter - Trim","hd":false}],"ip":0,"op":240,"st":0,"bm":0},{"ddd":0,"ind":6,"ty":4,"nm":" drop_black Outlines","sr":1,"ks":{"o":{"a":1,"k":[{"i":{"x":[0.833],"y":[0.833]},"o":{"x":[0.167],"y":[0.167]},"t":58,"s":[100]},{"t":60,"s":[0]}],"ix":11},"r":{"a":0,"k":0,"ix":10},"p":{"a":1,"k":[{"i":{"x":0.833,"y":0.833},"o":{"x":0.167,"y":0.167},"t":11,"s":[249.411,167.781,0],"to":[0.083,14.592,0],"ti":[-0.577,-21,0]},{"i":{"x":0.833,"y":0.833},"o":{"x":0.167,"y":0.167},"t":32,"s":[249.911,255.333,0],"to":[1.166,42.484,0],"ti":[0.004,0,0]},{"t":56,"s":[249.87,422.781,0]}],"ix":2},"a":{"a":0,"k":[74.854,183.491,0],"ix":1},"s":{"a":0,"k":[100,100,100],"ix":6}},"ao":0,"shapes":[{"ty":"gr","it":[{"ind":0,"ty":"sh","ix":1,"ks":{"a":0,"k":{"i":[[0,0],[0,0],[0,18.501]],"o":[[0,0],[-18.501,0],[0,0]],"v":[[16.75,16.75],[16.75,16.75],[-16.75,-16.75]],"c":false},"ix":2},"nm":"Path 1","mn":"ADBE Vector Shape - Group","hd":false},{"ty":"st","c":{"a":0,"k":[0.074509803922,0.658823529412,0.960784313725,1],"ix":3},"o":{"a":0,"k":100,"ix":4},"w":{"a":0,"k":5,"ix":5},"lc":2,"lj":1,"ml":10,"bm":0,"nm":"Stroke 1","mn":"ADBE Vector Graphic - Stroke","hd":false},{"ty":"tr","p":{"a":1,"k":[{"i":{"x":0.833,"y":0.833},"o":{"x":0.167,"y":0.167},"t":32,"s":[54.796,159.363],"to":[0,0],"ti":[0,0]},{"i":{"x":0.833,"y":0.833},"o":{"x":0.167,"y":0.167},"t":34,"s":[51.796,165.363],"to":[0,0],"ti":[0,0]},{"i":{"x":0.833,"y":0.833},"o":{"x":0.167,"y":0.167},"t":54,"s":[51.796,165.363],"to":[0,0],"ti":[0,0]},{"t":57,"s":[51.796,165.363]}],"ix":2},"a":{"a":0,"k":[-0.496,16.523],"ix":1},"s":{"a":1,"k":[{"i":{"x":[0.833,0.833],"y":[0.833,0.833]},"o":{"x":[0.167,0.167],"y":[0.167,0.167]},"t":25,"s":[100,100]},{"i":{"x":[0.833,0.833],"y":[0.833,0.833]},"o":{"x":[0.167,0.167],"y":[0.167,0.167]},"t":32,"s":[100,70]},{"i":{"x":[0.833,0.833],"y":[0.833,0.833]},"o":{"x":[0.167,0.167],"y":[0.167,0.167]},"t":34,"s":[100,100]},{"i":{"x":[0.833,0.833],"y":[0.833,0.833]},"o":{"x":[0.167,0.167],"y":[0.167,0.167]},"t":54,"s":[100,100]},{"t":57,"s":[100,37]}],"ix":3},"r":{"a":0,"k":0,"ix":6},"o":{"a":1,"k":[{"i":{"x":[0.833],"y":[0.833]},"o":{"x":[0.167],"y":[0.167]},"t":54,"s":[100]},{"t":57,"s":[0]}],"ix":7},"sk":{"a":0,"k":0,"ix":4},"sa":{"a":0,"k":0,"ix":5},"nm":"Transform"}],"nm":"Group 1","np":2,"cix":2,"bm":0,"ix":1,"mn":"ADBE Vector Group","hd":false},{"ty":"gr","it":[{"ind":0,"ty":"sh","ix":1,"ks":{"a":0,"k":{"i":[[0.669,0],[1.228,-2.127],[0,0],[0,0],[-35.139,-5.76],[-3.009,0],[0,27.41],[4.88,8.46],[0,0],[0,0],[1.409,0.46],[0,0]],"o":[[-2.146,0],[0,0],[0,0],[-18.691,32.38],[2.831,0.47],[30.641,0],[0,-8.74],[0,0],[0,0],[-0.85,-1.46],[0,0],[-0.641,-0.207]],"v":[[5.79,-75.531],[0.27,-72.34],[-4.11,-64.75],[-39.66,-3.191],[-2.981,74.82],[5.79,75.531],[58.35,22.969],[51.24,-3.191],[15.93,-64.35],[11.32,-72.34],[7.781,-75.219],[7.77,-75.219]],"c":true},"ix":2},"nm":"Path 1","mn":"ADBE Vector Shape - Group","hd":false},{"ind":1,"ty":"sh","ix":2,"ks":{"a":0,"k":{"i":[[-0.412,0],[-0.242,-0.078],[0,0],[-0.288,-0.494],[0,0],[0,0],[0,-8.469],[8.692,-9.069],[13.367,0],[2.63,0.438],[6.846,14.451],[-8.079,13.995],[0,0],[0,0]],"o":[[0.258,0],[0,0],[0.518,0.194],[0,0],[0,0],[4.363,7.563],[0,12.405],[-9.128,9.524],[-2.763,0],[-15.525,-2.545],[-6.893,-14.551],[0,0],[0,0],[0.619,-1.073]],"v":[[5.789,-71.531],[6.544,-71.413],[6.639,-71.383],[7.855,-70.341],[12.465,-62.35],[47.775,-1.192],[54.35,22.969],[40.673,56.76],[5.789,71.531],[-2.334,70.871],[-38.062,43.73],[-36.196,-1.189],[-0.646,-62.751],[3.734,-70.341]],"c":true},"ix":2},"nm":"Path 2","mn":"ADBE Vector Shape - Group","hd":false},{"ty":"mm","mm":1,"nm":"Merge Paths 1","mn":"ADBE Vector Filter - Merge","hd":false},{"ty":"fl","c":{"a":0,"k":[0.075355627023,0.658696791705,0.960784313725,1],"ix":4},"o":{"a":0,"k":100,"ix":5},"r":1,"bm":0,"nm":"Fill 1","mn":"ADBE Vector Graphic - Fill","hd":false},{"ty":"tr","p":{"a":0,"k":[73.136,173.927],"ix":2},"a":{"a":0,"k":[4.484,72.867],"ix":1},"s":{"a":1,"k":[{"i":{"x":[0.833,0.833],"y":[0.833,0.833]},"o":{"x":[0.167,0.167],"y":[0.167,0.167]},"t":11,"s":[100,100]},{"i":{"x":[0.833,0.833],"y":[0.833,0.833]},"o":{"x":[0.167,0.167],"y":[0.167,0.167]},"t":25,"s":[100,118]},{"i":{"x":[0.833,0.833],"y":[0.833,0.833]},"o":{"x":[0.167,0.167],"y":[0.167,0.167]},"t":31,"s":[100,100]},{"t":34,"s":[81.529,24.24]}],"ix":3},"r":{"a":0,"k":0,"ix":6},"o":{"a":1,"k":[{"i":{"x":[0.833],"y":[0.833]},"o":{"x":[0.167],"y":[0.167]},"t":32,"s":[100]},{"t":33,"s":[0]}],"ix":7},"sk":{"a":0,"k":0,"ix":4},"sa":{"a":0,"k":0,"ix":5},"nm":"Transform"}],"nm":"Group 2","np":4,"cix":2,"bm":0,"ix":2,"mn":"ADBE Vector Group","hd":false},{"ty":"gr","it":[{"ind":0,"ty":"sh","ix":1,"ks":{"a":0,"k":{"i":[[26.725,0],[0,-26.725],[-26.725,0],[0,26.724]],"o":[[-26.725,0],[0,26.724],[26.725,0],[0,-26.725]],"v":[[-0.001,-48.389],[-48.39,0.001],[-0.001,48.389],[48.389,0.001]],"c":true},"ix":2},"nm":"Path 1","mn":"ADBE Vector Shape - Group","hd":false},{"ind":1,"ty":"sh","ix":2,"ks":{"a":0,"k":{"i":[[-24.476,0],[0,-24.477],[24.477,0],[0,24.475]],"o":[[24.477,0],[0,24.475],[-24.476,0],[0,-24.477]],"v":[[-0.001,-44.389],[44.389,0.001],[-0.001,44.389],[-44.39,0.001]],"c":true},"ix":2},"nm":"Path 2","mn":"ADBE Vector Shape - Group","hd":false},{"ty":"mm","mm":1,"nm":"Merge Paths 1","mn":"ADBE Vector Filter - Merge","hd":false},{"ty":"fl","c":{"a":0,"k":[0.075355627023,0.658696791705,0.960784313725,1],"ix":4},"o":{"a":0,"k":100,"ix":5},"r":1,"bm":0,"nm":"Fill 1","mn":"ADBE Vector Graphic - Fill","hd":false},{"ty":"tr","p":{"a":0,"k":[73.893,180.478],"ix":2},"a":{"a":0,"k":[-0.814,45.836],"ix":1},"s":{"a":1,"k":[{"i":{"x":[0.833,0.833],"y":[0.833,0.833]},"o":{"x":[0.167,0.167],"y":[0.167,0.167]},"t":34,"s":[118,118]},{"i":{"x":[0.833,0.833],"y":[0.833,0.833]},"o":{"x":[0.167,0.167],"y":[0.167,0.167]},"t":36,"s":[122,122]},{"i":{"x":[0.833,0.833],"y":[0.833,0.833]},"o":{"x":[0.167,0.167],"y":[0.167,0.167]},"t":38,"s":[118,118]},{"i":{"x":[0.833,0.833],"y":[0.833,0.833]},"o":{"x":[0.167,0.167],"y":[0.167,0.167]},"t":54,"s":[118,118]},{"t":58,"s":[134,34]}],"ix":3},"r":{"a":0,"k":0,"ix":6},"o":{"a":1,"k":[{"i":{"x":[0.833],"y":[0.833]},"o":{"x":[0.167],"y":[0.167]},"t":32,"s":[0]},{"t":34,"s":[100]}],"ix":7},"sk":{"a":0,"k":0,"ix":4},"sa":{"a":0,"k":0,"ix":5},"nm":"Transform"}],"nm":"Group 3","np":4,"cix":2,"bm":0,"ix":3,"mn":"ADBE Vector Group","hd":false}],"ip":0,"op":240,"st":0,"bm":0},{"ddd":0,"ind":7,"ty":4,"nm":"spray_2","sr":1,"ks":{"o":{"a":1,"k":[{"i":{"x":[0.833],"y":[0.833]},"o":{"x":[0.167],"y":[0.167]},"t":60,"s":[0]},{"i":{"x":[0.833],"y":[0.833]},"o":{"x":[0.167],"y":[0.167]},"t":64,"s":[100]},{"i":{"x":[0.833],"y":[0.833]},"o":{"x":[0.167],"y":[0.167]},"t":76,"s":[100]},{"t":80,"s":[0]}],"ix":11},"r":{"a":1,"k":[{"i":{"x":[0.833],"y":[0.833]},"o":{"x":[0.167],"y":[0.167]},"t":60,"s":[165]},{"t":80,"s":[97]}],"ix":10},"p":{"a":1,"k":[{"i":{"x":0.833,"y":0.833},"o":{"x":0.167,"y":0.167},"t":60,"s":[230,409.25,0],"to":[-5.473,-20.553,0],"ti":[9.749,5.805,0]},{"i":{"x":0.833,"y":0.833},"o":{"x":0.167,"y":0.167},"t":71,"s":[181.5,330,0],"to":[-35.004,-20.842,0],"ti":[0,0,0]},{"t":80,"s":[108.5,303.5,0]}],"ix":2},"a":{"a":0,"k":[73,99,0],"ix":1},"s":{"a":0,"k":[17,16.769,100],"ix":6}},"ao":0,"shapes":[{"ty":"gr","it":[{"ind":0,"ty":"sh","ix":1,"ks":{"a":0,"k":{"i":[[0.669,0],[1.228,-2.127],[0,0],[0,0],[-35.139,-5.76],[-3.009,0],[0,27.41],[4.88,8.46],[0,0],[0,0],[1.409,0.46],[0,0]],"o":[[-2.146,0],[0,0],[0,0],[-18.691,32.38],[2.831,0.47],[30.641,0],[0,-8.74],[0,0],[0,0],[-0.85,-1.46],[0,0],[-0.641,-0.207]],"v":[[5.79,-75.531],[0.27,-72.34],[-4.11,-64.75],[-39.66,-3.191],[-2.981,74.82],[5.79,75.531],[58.35,22.969],[51.24,-3.191],[15.93,-64.35],[11.32,-72.34],[7.781,-75.219],[7.77,-75.219]],"c":true},"ix":2},"nm":"Path 1","mn":"ADBE Vector Shape - Group","hd":false},{"ind":1,"ty":"sh","ix":2,"ks":{"a":0,"k":{"i":[[-0.412,0],[-0.242,-0.078],[0,0],[-0.288,-0.494],[0,0],[0,0],[0,-8.469],[8.692,-9.069],[13.367,0],[2.63,0.438],[6.846,14.451],[-8.079,13.995],[0,0],[0,0]],"o":[[0.258,0],[0,0],[0.518,0.194],[0,0],[0,0],[4.363,7.563],[0,12.405],[-9.128,9.524],[-2.763,0],[-15.525,-2.545],[-6.893,-14.551],[0,0],[0,0],[0.619,-1.073]],"v":[[5.789,-71.531],[6.544,-71.413],[6.639,-71.383],[7.855,-70.341],[12.465,-62.35],[47.775,-1.192],[54.35,22.969],[40.673,56.76],[5.789,71.531],[-2.334,70.871],[-38.062,43.73],[-36.196,-1.189],[-0.646,-62.751],[3.734,-70.341]],"c":true},"ix":2},"nm":"Path 2","mn":"ADBE Vector Shape - Group","hd":false},{"ty":"mm","mm":1,"nm":"Merge Paths 1","mn":"ADBE Vector Filter - Merge","hd":false},{"ty":"fl","c":{"a":0,"k":[0.074509803922,0.658823529412,0.960784313725,1],"ix":4},"o":{"a":0,"k":100,"ix":5},"r":1,"bm":0,"nm":"Fill 1","mn":"ADBE Vector Graphic - Fill","hd":false},{"ty":"tr","p":{"a":0,"k":[68.652,101.06],"ix":2},"a":{"a":0,"k":[0,0],"ix":1},"s":{"a":0,"k":[100,100],"ix":3},"r":{"a":0,"k":0,"ix":6},"o":{"a":0,"k":100,"ix":7},"sk":{"a":0,"k":0,"ix":4},"sa":{"a":0,"k":0,"ix":5},"nm":"Transform"}],"nm":"Group 2","np":4,"cix":2,"bm":0,"ix":1,"mn":"ADBE Vector Group","hd":false},{"ty":"gr","it":[{"ind":0,"ty":"sh","ix":1,"ks":{"a":0,"k":{"i":[[27.879,0],[2.73,0.454],[7.128,15.045],[-8.411,14.574],[0,0],[-1.581,0],[-0.44,-0.141],[0,0],[-0.662,-1.138],[0,0],[0,-8.824]],"o":[[-2.872,0],[-16.179,-2.652],[-7.178,-15.153],[0,0],[0.791,-1.371],[0.466,0],[0,0],[0.704,0.257],[0,0],[4.54,7.87],[0,27.879]],"v":[[1.139,73.531],[-7.303,72.848],[-44.52,44.586],[-42.579,-2.191],[-2.65,-71.339],[1.139,-73.531],[2.505,-73.316],[2.652,-73.268],[4.941,-71.333],[44.856,-2.191],[51.699,22.969]],"c":true},"ix":2},"nm":"Path 1","mn":"ADBE Vector Shape - Group","hd":false},{"ty":"fl","c":{"a":0,"k":[0.074509803922,0.658823529412,0.960784313725,1],"ix":4},"o":{"a":0,"k":100,"ix":5},"r":1,"bm":0,"nm":"Fill 1","mn":"ADBE Vector Graphic - Fill","hd":false},{"ty":"tr","p":{"a":0,"k":[73.303,101.059],"ix":2},"a":{"a":0,"k":[0,0],"ix":1},"s":{"a":0,"k":[100,100],"ix":3},"r":{"a":0,"k":0,"ix":6},"o":{"a":0,"k":100,"ix":7},"sk":{"a":0,"k":0,"ix":4},"sa":{"a":0,"k":0,"ix":5},"nm":"Transform"}],"nm":"Group 3","np":2,"cix":2,"bm":0,"ix":2,"mn":"ADBE Vector Group","hd":false}],"ip":0,"op":240,"st":0,"bm":0},{"ddd":0,"ind":8,"ty":4,"nm":"spray_3","sr":1,"ks":{"o":{"a":1,"k":[{"i":{"x":[0.833],"y":[0.833]},"o":{"x":[0.167],"y":[0.167]},"t":60,"s":[0]},{"i":{"x":[0.833],"y":[0.833]},"o":{"x":[0.167],"y":[0.167]},"t":63,"s":[100]},{"i":{"x":[0.833],"y":[0.833]},"o":{"x":[0.167],"y":[0.167]},"t":73,"s":[100]},{"t":80,"s":[0]}],"ix":11},"r":{"a":1,"k":[{"i":{"x":[0.833],"y":[0.833]},"o":{"x":[0.167],"y":[0.167]},"t":60,"s":[159]},{"t":80,"s":[96]}],"ix":10},"p":{"a":1,"k":[{"i":{"x":0.833,"y":0.833},"o":{"x":0.167,"y":0.167},"t":60,"s":[201.484,411.611,0],"to":[-3.542,-6.84,0],"ti":[3.996,5.145,0]},{"i":{"x":0.833,"y":0.833},"o":{"x":0.167,"y":0.167},"t":67,"s":[188.095,391.194,0],"to":[-23.735,-30.559,0],"ti":[0,0,0]},{"t":80,"s":[128.984,355.861,0]}],"ix":2},"a":{"a":0,"k":[73,99,0],"ix":1},"s":{"a":0,"k":[26,25.646,100],"ix":6}},"ao":0,"shapes":[{"ty":"gr","it":[{"ind":0,"ty":"sh","ix":1,"ks":{"a":0,"k":{"i":[[0.669,0],[1.228,-2.127],[0,0],[0,0],[-35.139,-5.76],[-3.009,0],[0,27.41],[4.88,8.46],[0,0],[0,0],[1.409,0.46],[0,0]],"o":[[-2.146,0],[0,0],[0,0],[-18.691,32.38],[2.831,0.47],[30.641,0],[0,-8.74],[0,0],[0,0],[-0.85,-1.46],[0,0],[-0.641,-0.207]],"v":[[5.79,-75.531],[0.27,-72.34],[-4.11,-64.75],[-39.66,-3.191],[-2.981,74.82],[5.79,75.531],[58.35,22.969],[51.24,-3.191],[15.93,-64.35],[11.32,-72.34],[7.781,-75.219],[7.77,-75.219]],"c":true},"ix":2},"nm":"Path 1","mn":"ADBE Vector Shape - Group","hd":false},{"ind":1,"ty":"sh","ix":2,"ks":{"a":0,"k":{"i":[[-0.412,0],[-0.242,-0.078],[0,0],[-0.288,-0.494],[0,0],[0,0],[0,-8.469],[8.692,-9.069],[13.367,0],[2.63,0.438],[6.846,14.451],[-8.079,13.995],[0,0],[0,0]],"o":[[0.258,0],[0,0],[0.518,0.194],[0,0],[0,0],[4.363,7.563],[0,12.405],[-9.128,9.524],[-2.763,0],[-15.525,-2.545],[-6.893,-14.551],[0,0],[0,0],[0.619,-1.073]],"v":[[5.789,-71.531],[6.544,-71.413],[6.639,-71.383],[7.855,-70.341],[12.465,-62.35],[47.775,-1.192],[54.35,22.969],[40.673,56.76],[5.789,71.531],[-2.334,70.871],[-38.062,43.73],[-36.196,-1.189],[-0.646,-62.751],[3.734,-70.341]],"c":true},"ix":2},"nm":"Path 2","mn":"ADBE Vector Shape - Group","hd":false},{"ty":"mm","mm":1,"nm":"Merge Paths 1","mn":"ADBE Vector Filter - Merge","hd":false},{"ty":"fl","c":{"a":0,"k":[0.074509803922,0.658823529412,0.960784313725,1],"ix":4},"o":{"a":0,"k":100,"ix":5},"r":1,"bm":0,"nm":"Fill 1","mn":"ADBE Vector Graphic - Fill","hd":false},{"ty":"tr","p":{"a":0,"k":[68.652,101.06],"ix":2},"a":{"a":0,"k":[0,0],"ix":1},"s":{"a":0,"k":[100,100],"ix":3},"r":{"a":0,"k":0,"ix":6},"o":{"a":0,"k":100,"ix":7},"sk":{"a":0,"k":0,"ix":4},"sa":{"a":0,"k":0,"ix":5},"nm":"Transform"}],"nm":"Group 2","np":4,"cix":2,"bm":0,"ix":1,"mn":"ADBE Vector Group","hd":false},{"ty":"gr","it":[{"ind":0,"ty":"sh","ix":1,"ks":{"a":0,"k":{"i":[[27.879,0],[2.73,0.454],[7.128,15.045],[-8.411,14.574],[0,0],[-1.581,0],[-0.44,-0.141],[0,0],[-0.662,-1.138],[0,0],[0,-8.824]],"o":[[-2.872,0],[-16.179,-2.652],[-7.178,-15.153],[0,0],[0.791,-1.371],[0.466,0],[0,0],[0.704,0.257],[0,0],[4.54,7.87],[0,27.879]],"v":[[1.139,73.531],[-7.303,72.848],[-44.52,44.586],[-42.579,-2.191],[-2.65,-71.339],[1.139,-73.531],[2.505,-73.316],[2.652,-73.268],[4.941,-71.333],[44.856,-2.191],[51.699,22.969]],"c":true},"ix":2},"nm":"Path 1","mn":"ADBE Vector Shape - Group","hd":false},{"ty":"fl","c":{"a":0,"k":[0.074509803922,0.658823529412,0.960784313725,1],"ix":4},"o":{"a":0,"k":100,"ix":5},"r":1,"bm":0,"nm":"Fill 1","mn":"ADBE Vector Graphic - Fill","hd":false},{"ty":"tr","p":{"a":0,"k":[73.303,101.059],"ix":2},"a":{"a":0,"k":[0,0],"ix":1},"s":{"a":0,"k":[100,100],"ix":3},"r":{"a":0,"k":0,"ix":6},"o":{"a":0,"k":100,"ix":7},"sk":{"a":0,"k":0,"ix":4},"sa":{"a":0,"k":0,"ix":5},"nm":"Transform"}],"nm":"Group 3","np":2,"cix":2,"bm":0,"ix":2,"mn":"ADBE Vector Group","hd":false}],"ip":0,"op":240,"st":0,"bm":0},{"ddd":0,"ind":9,"ty":4,"nm":"spray_4","sr":1,"ks":{"o":{"a":1,"k":[{"i":{"x":[0.833],"y":[0.833]},"o":{"x":[0.167],"y":[0.167]},"t":60,"s":[0]},{"i":{"x":[0.833],"y":[0.833]},"o":{"x":[0.167],"y":[0.167]},"t":64,"s":[100]},{"i":{"x":[0.833],"y":[0.833]},"o":{"x":[0.167],"y":[0.167]},"t":75,"s":[100]},{"t":78,"s":[0]}],"ix":11},"r":{"a":1,"k":[{"i":{"x":[0.833],"y":[0.833]},"o":{"x":[0.167],"y":[0.167]},"t":60,"s":[180]},{"t":78,"s":[245]}],"ix":10},"p":{"a":1,"k":[{"i":{"x":0.833,"y":0.833},"o":{"x":0.167,"y":0.167},"t":60,"s":[261.5,406.75,0],"to":[4.027,-97.553,0],"ti":[0,0,0]},{"t":78,"s":[316.582,310.44,0]}],"ix":2},"a":{"a":0,"k":[73,99,0],"ix":1},"s":{"a":0,"k":[35.124,34.646,100],"ix":6}},"ao":0,"shapes":[{"ty":"gr","it":[{"ind":0,"ty":"sh","ix":1,"ks":{"a":0,"k":{"i":[[0.669,0],[1.228,-2.127],[0,0],[0,0],[-35.139,-5.76],[-3.009,0],[0,27.41],[4.88,8.46],[0,0],[0,0],[1.409,0.46],[0,0]],"o":[[-2.146,0],[0,0],[0,0],[-18.691,32.38],[2.831,0.47],[30.641,0],[0,-8.74],[0,0],[0,0],[-0.85,-1.46],[0,0],[-0.641,-0.207]],"v":[[5.79,-75.531],[0.27,-72.34],[-4.11,-64.75],[-39.66,-3.191],[-2.981,74.82],[5.79,75.531],[58.35,22.969],[51.24,-3.191],[15.93,-64.35],[11.32,-72.34],[7.781,-75.219],[7.77,-75.219]],"c":true},"ix":2},"nm":"Path 1","mn":"ADBE Vector Shape - Group","hd":false},{"ind":1,"ty":"sh","ix":2,"ks":{"a":0,"k":{"i":[[-0.412,0],[-0.242,-0.078],[0,0],[-0.288,-0.494],[0,0],[0,0],[0,-8.469],[8.692,-9.069],[13.367,0],[2.63,0.438],[6.846,14.451],[-8.079,13.995],[0,0],[0,0]],"o":[[0.258,0],[0,0],[0.518,0.194],[0,0],[0,0],[4.363,7.563],[0,12.405],[-9.128,9.524],[-2.763,0],[-15.525,-2.545],[-6.893,-14.551],[0,0],[0,0],[0.619,-1.073]],"v":[[5.789,-71.531],[6.544,-71.413],[6.639,-71.383],[7.855,-70.341],[12.465,-62.35],[47.775,-1.192],[54.35,22.969],[40.673,56.76],[5.789,71.531],[-2.334,70.871],[-38.062,43.73],[-36.196,-1.189],[-0.646,-62.751],[3.734,-70.341]],"c":true},"ix":2},"nm":"Path 2","mn":"ADBE Vector Shape - Group","hd":false},{"ty":"mm","mm":1,"nm":"Merge Paths 1","mn":"ADBE Vector Filter - Merge","hd":false},{"ty":"fl","c":{"a":0,"k":[0.074509803922,0.658823529412,0.960784313725,1],"ix":4},"o":{"a":0,"k":100,"ix":5},"r":1,"bm":0,"nm":"Fill 1","mn":"ADBE Vector Graphic - Fill","hd":false},{"ty":"tr","p":{"a":0,"k":[68.652,101.06],"ix":2},"a":{"a":0,"k":[0,0],"ix":1},"s":{"a":0,"k":[100,100],"ix":3},"r":{"a":0,"k":0,"ix":6},"o":{"a":0,"k":100,"ix":7},"sk":{"a":0,"k":0,"ix":4},"sa":{"a":0,"k":0,"ix":5},"nm":"Transform"}],"nm":"Group 2","np":4,"cix":2,"bm":0,"ix":1,"mn":"ADBE Vector Group","hd":false},{"ty":"gr","it":[{"ind":0,"ty":"sh","ix":1,"ks":{"a":0,"k":{"i":[[27.879,0],[2.73,0.454],[7.128,15.045],[-8.411,14.574],[0,0],[-1.581,0],[-0.44,-0.141],[0,0],[-0.662,-1.138],[0,0],[0,-8.824]],"o":[[-2.872,0],[-16.179,-2.652],[-7.178,-15.153],[0,0],[0.791,-1.371],[0.466,0],[0,0],[0.704,0.257],[0,0],[4.54,7.87],[0,27.879]],"v":[[1.139,73.531],[-7.303,72.848],[-44.52,44.586],[-42.579,-2.191],[-2.65,-71.339],[1.139,-73.531],[2.505,-73.316],[2.652,-73.268],[4.941,-71.333],[44.856,-2.191],[51.699,22.969]],"c":true},"ix":2},"nm":"Path 1","mn":"ADBE Vector Shape - Group","hd":false},{"ty":"fl","c":{"a":0,"k":[0.074509803922,0.658823529412,0.960784313725,1],"ix":4},"o":{"a":0,"k":100,"ix":5},"r":1,"bm":0,"nm":"Fill 1","mn":"ADBE Vector Graphic - Fill","hd":false},{"ty":"tr","p":{"a":0,"k":[73.303,101.059],"ix":2},"a":{"a":0,"k":[0,0],"ix":1},"s":{"a":0,"k":[100,100],"ix":3},"r":{"a":0,"k":0,"ix":6},"o":{"a":0,"k":100,"ix":7},"sk":{"a":0,"k":0,"ix":4},"sa":{"a":0,"k":0,"ix":5},"nm":"Transform"}],"nm":"Group 3","np":2,"cix":2,"bm":0,"ix":2,"mn":"ADBE Vector Group","hd":false}],"ip":0,"op":240,"st":0,"bm":0},{"ddd":0,"ind":10,"ty":4,"nm":"spray_1","sr":1,"ks":{"o":{"a":1,"k":[{"i":{"x":[0.833],"y":[0.833]},"o":{"x":[0.167],"y":[0.167]},"t":60,"s":[0]},{"i":{"x":[0.833],"y":[0.833]},"o":{"x":[0.167],"y":[0.167]},"t":63,"s":[100]},{"i":{"x":[0.833],"y":[0.833]},"o":{"x":[0.167],"y":[0.167]},"t":74,"s":[100]},{"t":78,"s":[0]}],"ix":11},"r":{"a":1,"k":[{"i":{"x":[0.833],"y":[0.833]},"o":{"x":[0.167],"y":[0.167]},"t":60,"s":[190]},{"t":78,"s":[273]}],"ix":10},"p":{"a":1,"k":[{"i":{"x":0.833,"y":0.833},"o":{"x":0.167,"y":0.167},"t":60,"s":[290,403.75,0],"to":[11.527,-77.053,0],"ti":[0,0,0]},{"t":78,"s":[389.5,340,0]}],"ix":2},"a":{"a":0,"k":[73,99,0],"ix":1},"s":{"a":0,"k":[26,25.646,100],"ix":6}},"ao":0,"shapes":[{"ty":"gr","it":[{"ind":0,"ty":"sh","ix":1,"ks":{"a":0,"k":{"i":[[0.669,0],[1.228,-2.127],[0,0],[0,0],[-35.139,-5.76],[-3.009,0],[0,27.41],[4.88,8.46],[0,0],[0,0],[1.409,0.46],[0,0]],"o":[[-2.146,0],[0,0],[0,0],[-18.691,32.38],[2.831,0.47],[30.641,0],[0,-8.74],[0,0],[0,0],[-0.85,-1.46],[0,0],[-0.641,-0.207]],"v":[[5.79,-75.531],[0.27,-72.34],[-4.11,-64.75],[-39.66,-3.191],[-2.981,74.82],[5.79,75.531],[58.35,22.969],[51.24,-3.191],[15.93,-64.35],[11.32,-72.34],[7.781,-75.219],[7.77,-75.219]],"c":true},"ix":2},"nm":"Path 1","mn":"ADBE Vector Shape - Group","hd":false},{"ind":1,"ty":"sh","ix":2,"ks":{"a":0,"k":{"i":[[-0.412,0],[-0.242,-0.078],[0,0],[-0.288,-0.494],[0,0],[0,0],[0,-8.469],[8.692,-9.069],[13.367,0],[2.63,0.438],[6.846,14.451],[-8.079,13.995],[0,0],[0,0]],"o":[[0.258,0],[0,0],[0.518,0.194],[0,0],[0,0],[4.363,7.563],[0,12.405],[-9.128,9.524],[-2.763,0],[-15.525,-2.545],[-6.893,-14.551],[0,0],[0,0],[0.619,-1.073]],"v":[[5.789,-71.531],[6.544,-71.413],[6.639,-71.383],[7.855,-70.341],[12.465,-62.35],[47.775,-1.192],[54.35,22.969],[40.673,56.76],[5.789,71.531],[-2.334,70.871],[-38.062,43.73],[-36.196,-1.189],[-0.646,-62.751],[3.734,-70.341]],"c":true},"ix":2},"nm":"Path 2","mn":"ADBE Vector Shape - Group","hd":false},{"ty":"mm","mm":1,"nm":"Merge Paths 1","mn":"ADBE Vector Filter - Merge","hd":false},{"ty":"fl","c":{"a":0,"k":[0.074509803922,0.658823529412,0.960784313725,1],"ix":4},"o":{"a":0,"k":100,"ix":5},"r":1,"bm":0,"nm":"Fill 1","mn":"ADBE Vector Graphic - Fill","hd":false},{"ty":"tr","p":{"a":0,"k":[68.652,101.06],"ix":2},"a":{"a":0,"k":[0,0],"ix":1},"s":{"a":0,"k":[100,100],"ix":3},"r":{"a":0,"k":0,"ix":6},"o":{"a":0,"k":100,"ix":7},"sk":{"a":0,"k":0,"ix":4},"sa":{"a":0,"k":0,"ix":5},"nm":"Transform"}],"nm":"Group 2","np":4,"cix":2,"bm":0,"ix":1,"mn":"ADBE Vector Group","hd":false},{"ty":"gr","it":[{"ind":0,"ty":"sh","ix":1,"ks":{"a":0,"k":{"i":[[27.879,0],[2.73,0.454],[7.128,15.045],[-8.411,14.574],[0,0],[-1.581,0],[-0.44,-0.141],[0,0],[-0.662,-1.138],[0,0],[0,-8.824]],"o":[[-2.872,0],[-16.179,-2.652],[-7.178,-15.153],[0,0],[0.791,-1.371],[0.466,0],[0,0],[0.704,0.257],[0,0],[4.54,7.87],[0,27.879]],"v":[[1.139,73.531],[-7.303,72.848],[-44.52,44.586],[-42.579,-2.191],[-2.65,-71.339],[1.139,-73.531],[2.505,-73.316],[2.652,-73.268],[4.941,-71.333],[44.856,-2.191],[51.699,22.969]],"c":true},"ix":2},"nm":"Path 1","mn":"ADBE Vector Shape - Group","hd":false},{"ty":"fl","c":{"a":0,"k":[0.074509803922,0.658823529412,0.960784313725,1],"ix":4},"o":{"a":0,"k":100,"ix":5},"r":1,"bm":0,"nm":"Fill 1","mn":"ADBE Vector Graphic - Fill","hd":false},{"ty":"tr","p":{"a":0,"k":[73.303,101.059],"ix":2},"a":{"a":0,"k":[0,0],"ix":1},"s":{"a":0,"k":[100,100],"ix":3},"r":{"a":0,"k":0,"ix":6},"o":{"a":0,"k":100,"ix":7},"sk":{"a":0,"k":0,"ix":4},"sa":{"a":0,"k":0,"ix":5},"nm":"Transform"}],"nm":"Group 3","np":2,"cix":2,"bm":0,"ix":2,"mn":"ADBE Vector Group","hd":false}],"ip":0,"op":240,"st":0,"bm":0}],"markers":[]}